{"Li-like S XIV": [5.060408163265306, 5.066570767709296, 5.085739296586221, 5.13438522383733], "He-like S XV": [5.101259885285429], "Be-like S XIII": [5.126296769498575, 5.140132669983417], "B-like S XII": [5.374311847067493], "C-like S XI": [5.21305492250637, 5.224059833561571, 5.233807407032164], "N-like S X": [5.266041718875434, 5.275879384154489, 5.285641200545703], "O-like S IX": [5.308271964377462, 5.316876945904915, 5.327432107253352], "F-like S VIII": [5.355507559395249], "Na-like S VI": [5.364266491290315]}