{"Si XII": 6.7197103554433015, "Si XI": 6.784094204682875, "Si X": 6.855822029540088, "Si IX": 6.927921232474841, "Si VIII": 6.996574511430523, "Si VII": 7.057631441127581, "Si VI": 7.116984208079081}