{"He-like Si XIII": [6.688353374656762, 6.7404978986913715], "Li-like Si XII": [6.719455419518831], "Be-like Si XI": [6.781199919050041, 6.796590192692487], "B-like Si X": [6.853434456224917, 6.8648187727710654], "Li-like Si XI": [], "C-like Si IX": [6.9108138238573025, 6.924941631198544, 6.9384671349022025], "N-like Si VIII": [6.987583765900727, 7.002541654899746, 7.016809100684815], "O-like Si VII": [7.049525217490191, 7.060364464692483, 7.078908301929884], "F-like Si VI": [7.1135132653997974], "Ne-like Si V": [7.023646313690389], "Na\u2013Si-like Si I\u2013IV": [7.125123560377922]}