{"S XIV": 5.085814401001575, "S XIII": 5.128417255771434, "S XII": 5.176726027683251, "S XI": 5.225028552644333, "S X": 5.274846834581347, "S IX": 5.316329768530827, "S VIII": 5.361598706089423}